zhouyanming=Yanming Zhou
reda-alaoui=R\u00e9da Housni Alaoui
rvansa=Radim Vansa
vladmihalcea=Vlad Mihalcea
JohnOhara=John O'Hara
Jaikiran=Jaikiran Pai
hernan=Hern\u00e1n Chanfreau
Galder\ Zamarren\u0303o=Galder Zamarre\u00f1o
Galder\ Zamarre\u00f1o=Galder Zamarre\u00f1o
dionis=Dionis Argiri
edalquist=Eric Dalquist
dcarr=David M. Carr
davidmc24=David M. Carr
Naros=Chris Cranford
brmeyer=Brett Meyer
andrigtmiller=Andrig Miller
andy.miller=Andrig Miller
adamw=Adam Warski
drepshas=Dave Repshas